code,name,market
005930,삼성전자,KOSPI
000660,SK하이닉스,KOSPI
005935,삼성전자우,KOSPI
402340,SK스퀘어,KOSPI
009150,삼성전기,KOSPI
373220,LG에너지솔루션,KOSPI
005380,현대차,KOSPI
207940,삼성바이오로직스,KOSPI
105560,KB금융,KOSPI
032830,삼성생명,KOSPI
028260,삼성물산,KOSPI
034020,두산에너빌리티,KOSPI
012450,한화에어로스페이스,KOSPI
055550,신한지주,KOSPI
329180,HD현대중공업,KOSPI
000270,기아,KOSPI
034730,SK,KOSPI
068270,셀트리온,KOSPI
006400,삼성SDI,KOSPI
086790,하나금융지주,KOSPI
066570,LG전자,KOSPI
012330,현대모비스,KOSPI
010120,LS ELECTRIC,KOSPI
035420,NAVER,KOSPI
000810,삼성화재,KOSPI
298040,효성중공업,KOSPI
316140,우리금융지주,KOSPI
096770,SK이노베이션,KOSPI
042700,한미반도체,KOSPI
005490,POSCO홀딩스,KOSPI
042660,한화오션,KOSPI
267260,HD현대일렉트릭,KOSPI
009540,HD한국조선해양,KOSPI
010130,고려아연,KOSPI
000150,두산,KOSPI
138040,메리츠금융지주,KOSPI
011200,HMM,KOSPI
015760,한국전력,KOSPI
017670,SK텔레콤,KOSPI
033780,KT&G,KOSPI
010950,S-Oil,KOSPI
051910,LG화학,KOSPI
010140,삼성중공업,KOSPI
018260,삼성에스디에스,KOSPI
006800,미래에셋증권,KOSPI
003550,LG,KOSPI
024110,기업은행,KOSPI
267250,HD현대,KOSPI
003670,포스코퓨처엠,KOSPI
079550,LIG디펜스앤에어로스페이스,KOSPI
035720,카카오,KOSPI
086280,현대글로비스,KOSPI
272210,한화시스템,KOSPI
278470,에이피알,KOSPI
011070,LG이노텍,KOSPI
030200,KT,KOSPI
000720,현대건설,KOSPI
064350,현대로템,KOSPI
047810,한국항공우주,KOSPI
005830,DB손해보험,KOSPI
003490,대한항공,KOSPI
443060,HD현대마린솔루션,KOSPI
047050,포스코인터내셔널,KOSPI
307950,현대오토에버,KOSPI
078930,GS,KOSPI
071050,한국금융지주,KOSPI
006260,LS,KOSPI
005940,NH투자증권,KOSPI
323410,카카오뱅크,KOSPI
000500,가온전선,KOSPI
028050,삼성E&A,KOSPI
003230,삼양식품,KOSPI
259960,크래프톤,KOSPI
180640,한진칼,KOSPI
007660,이수페타시스,KOSPI
090430,아모레퍼시픽,KOSPI
016360,삼성증권,KOSPI
009830,한화솔루션,KOSPI
161390,한국타이어앤테크놀로지,KOSPI
047040,대우건설,KOSPI
021240,코웨이,KOSPI
352820,하이브,KOSPI
064400,LG씨엔에스,KOSPI
000880,한화,KOSPI
039490,키움증권,KOSPI
353200,대덕전자,KOSPI
062040,산일전기,KOSPI
128940,한미약품,KOSPI
032640,LG유플러스,KOSPI
005387,현대차2우B,KOSPI
000990,DB하이텍,KOSPI
267270,HD건설기계,KOSPI
001440,대한전선,KOSPI
326030,SK바이오팜,KOSPI
175330,JB금융지주,KOSPI
377300,카카오페이,KOSPI
000100,유한양행,KOSPI
241560,두산밥캣,KOSPI
029780,삼성카드,KOSPI
011790,SKC,KOSPI
138930,BNK금융지주,KOSPI
052690,한전기술,KOSPI
088980,맥쿼리인프라,KOSPI
088350,한화생명,KOSPI
036570,NC,KOSPI
066970,엘앤에프,KOSPI
454910,두산로보틱스,KOSPI
271560,오리온,KOSPI
034220,LG디스플레이,KOSPI
010060,OCI홀딩스,KOSPI
082740,한화엔진,KOSPI
001450,현대해상,KOSPI
004020,현대제철,KOSPI
051900,LG생활건강,KOSPI
002380,KCC,KOSPI
005385,현대차우,KOSPI
103590,일진전기,KOSPI
001040,CJ,KOSPI
008930,한미사이언스,KOSPI
018880,한온시스템,KOSPI
161890,한국콜마,KOSPI
036460,한국가스공사,KOSPI
004170,신세계,KOSPI
012750,에스원,KOSPI
028670,팬오션,KOSPI
111770,영원무역,KOSPI
035250,강원랜드,KOSPI
192820,코스맥스,KOSPI
022100,포스코DX,KOSPI
375500,DL이앤씨,KOSPI
336260,두산퓨얼셀,KOSPI
031210,서울보증보험,KOSPI
006360,GS건설,KOSPI
011780,금호석유화학,KOSPI
139130,iM금융지주,KOSPI
023530,롯데쇼핑,KOSPI
017800,현대엘리베이터,KOSPI
251270,넷마블,KOSPI
007340,DN오토모티브,KOSPI
014680,한솔케미칼,KOSPI
302440,SK바이오사이언스,KOSPI
097950,CJ제일제당,KOSPI
004800,효성,KOSPI
383220,F&F,KOSPI
003690,코리안리,KOSPI
011170,롯데케미칼,KOSPI
489790,한화비전,KOSPI
085620,미래에셋생명,KOSPI
026960,동서,KOSPI
450080,에코프로머티,KOSPI
004370,농심,KOSPI
004990,롯데지주,KOSPI
000240,한국앤컴퍼니,KOSPI
457190,이수스페셜티케미컬,KOSPI
005440,현대지에프홀딩스,KOSPI
483650,달바글로벌,KOSPI
009420,한올바이오파마,KOSPI
005850,에스엘,KOSPI
001720,신영증권,KOSPI
282330,BGF리테일,KOSPI
018670,SK가스,KOSPI
020150,롯데에너지머티리얼즈,KOSPI
279570,케이뱅크,KOSPI
103140,풍산,KOSPI
112610,씨에스윈드,KOSPI
030000,제일기획,KOSPI
204320,HL만도,KOSPI
009970,영원무역홀딩스,KOSPI
081660,미스토홀딩스,KOSPI
002790,아모레퍼시픽홀딩스,KOSPI
051600,한전KPS,KOSPI
139480,이마트,KOSPI
069960,현대백화점,KOSPI
073240,금호타이어,KOSPI
229640,LS에코에너지,KOSPI
007070,GS리테일,KOSPI
000155,두산우,KOSPI
089860,롯데렌탈,KOSPI
462870,시프트업,KOSPI
007810,코리아써키트,KOSPI
181710,NHN,KOSPI
281820,케이씨텍,KOSPI
020560,아시아나항공,KOSPI
439260,대한조선,KOSPI
475150,SK이터닉스,KOSPI
001120,LX인터내셔널,KOSPI
071970,HD현대마린엔진,KOSPI
120110,코오롱인더,KOSPI
023590,다우기술,KOSPI
001430,세아베스틸지주,KOSPI
093370,후성,KOSPI
000120,CJ대한통운,KOSPI
395400,SK리츠,KOSPI
001820,삼화콘덴서,KOSPI
006040,동원산업,KOSPI
008770,호텔신라,KOSPI
009155,삼성전기우,KOSPI
294870,IPARK현대산업개발,KOSPI
012630,HDC,KOSPI
005070,코스모신소재,KOSPI
322000,HD현대에너지솔루션,KOSPI
006280,녹십자,KOSPI
011210,현대위아,KOSPI
361610,SK아이이테크놀로지,KOSPI
001800,오리온홀딩스,KOSPI
097230,HJ중공업,KOSPI
066575,LG전자우,KOSPI
007310,오뚜기,KOSPI
001740,SK네트웍스,KOSPI
069620,대웅제약,KOSPI
415640,KB발해인프라,KOSPI
192080,더블유게임즈,KOSPI
003540,대신증권,KOSPI
298020,효성티앤씨,KOSPI
000815,삼성화재우,KOSPI
300720,한일시멘트,KOSPI
330590,롯데리츠,KOSPI
196170,알테오젠,KOSDAQ
086520,에코프로,KOSDAQ
036930,주성엔지니어링,KOSDAQ
247540,에코프로비엠,KOSDAQ
277810,레인보우로보틱스,KOSDAQ
240810,원익IPS,KOSDAQ
039030,이오테크닉스,KOSDAQ
222800,심텍,KOSDAQ
058470,리노공업,KOSDAQ
028300,HLB,KOSDAQ
403870,HPSP,KOSDAQ
095340,ISC,KOSDAQ
319660,피에스케이,KOSDAQ
108490,로보티즈,KOSDAQ
440110,파두,KOSDAQ
000250,삼천당제약,KOSDAQ
084370,유진테크,KOSDAQ
031980,피에스케이홀딩스,KOSDAQ
064760,티씨케이,KOSDAQ
095610,테스,KOSDAQ
214450,파마리서치,KOSDAQ
131290,티에스이,KOSDAQ
067310,하나마이크론,KOSDAQ
357780,솔브레인,KOSDAQ
087010,펩트론,KOSDAQ
141080,리가켐바이오,KOSDAQ
298380,에이비엘바이오,KOSDAQ
080220,제주반도체,KOSDAQ
010170,대한광통신,KOSDAQ
257720,실리콘투,KOSDAQ
310210,보로노이,KOSDAQ
178320,서진시스템,KOSDAQ
005290,동진쎄미켐,KOSDAQ
226950,올릭스,KOSDAQ
319400,현대무벡스,KOSDAQ
145020,휴젤,KOSDAQ
140410,메지온,KOSDAQ
214370,케어젠,KOSDAQ
058610,에스피지,KOSDAQ
032820,우리기술,KOSDAQ
098460,고영,KOSDAQ
043260,성호전자,KOSDAQ
030530,원익홀딩스,KOSDAQ
263750,펄어비스,KOSDAQ
214150,클래시스,KOSDAQ
089030,테크윙,KOSDAQ
140860,파크시스템스,KOSDAQ
347850,디앤디파마텍,KOSDAQ
237690,에스티팜,KOSDAQ
131970,두산테스나,KOSDAQ
041510,에스엠,KOSDAQ
083650,비에이치아이,KOSDAQ
036540,SFA반도체,KOSDAQ
183300,코미코,KOSDAQ
323280,태성,KOSDAQ
068760,셀트리온제약,KOSDAQ
060370,LS마린솔루션,KOSDAQ
096530,씨젠,KOSDAQ
089970,브이엠,KOSDAQ
420770,기가비스,KOSDAQ
437730,삼현,KOSDAQ
007390,네이처셀,KOSDAQ
218410,RFHIC,KOSDAQ
078600,대주전자재료,KOSDAQ
290650,엘앤씨바이오,KOSDAQ
039200,오스코텍,KOSDAQ
035900,JYP Ent.,KOSDAQ
950160,코오롱티슈진,KOSDAQ
950260,인제니아테라퓨틱스(Reg.S),KOSDAQ
204270,제이앤티씨,KOSDAQ
082920,비츠로셀,KOSDAQ
241710,코스메카코리아,KOSDAQ
003380,하림지주,KOSDAQ
232140,와이씨,KOSDAQ
252990,샘씨엔에스,KOSDAQ
166090,하나머티리얼즈,KOSDAQ
347700,스피어,KOSDAQ
127120,제이에스링크,KOSDAQ
195940,HK이노엔,KOSDAQ
356860,티엘비,KOSDAQ
056190,SFA,KOSDAQ
445680,큐리옥스바이오시스템즈,KOSDAQ
293490,카카오게임즈,KOSDAQ
086450,동국제약,KOSDAQ
458870,씨어스,KOSDAQ
101490,에스앤에스텍,KOSDAQ
417200,LS머트리얼즈,KOSDAQ
083450,GST,KOSDAQ
119850,지엔씨에너지,KOSDAQ
161580,필옵틱스,KOSDAQ
100790,미래에셋벤처투자,KOSDAQ
327260,RF머트리얼즈,KOSDAQ
160190,하이젠알앤엠,KOSDAQ
036830,솔브레인홀딩스,KOSDAQ
388210,씨엠티엑스,KOSDAQ
065350,신성델타테크,KOSDAQ
014620,성광벤드,KOSDAQ
099320,쎄트렉아이,KOSDAQ
031330,에스에이엠티,KOSDAQ
053800,안랩,KOSDAQ
115180,큐리언트,KOSDAQ
035760,CJ ENM,KOSDAQ
122870,와이지엔터테인먼트,KOSDAQ
328130,루닛,KOSDAQ
074600,원익QnC,KOSDAQ
032500,케이엠더블유,KOSDAQ
388720,유일로보틱스,KOSDAQ
425420,티에프이,KOSDAQ
059090,미코,KOSDAQ
251970,펌텍코리아,KOSDAQ
491000,리브스메드,KOSDAQ
085660,차바이오텍,KOSDAQ
033100,제룡전기,KOSDAQ
044490,태웅,KOSDAQ
281740,레이크머티리얼즈,KOSDAQ
295310,에이치브이엠,KOSDAQ
090360,로보스타,KOSDAQ
032190,다우데이타,KOSDAQ
033790,피노,KOSDAQ
023160,태광,KOSDAQ
041960,코미팜,KOSDAQ
122640,예스티,KOSDAQ
213420,덕산네오룩스,KOSDAQ
090710,휴림로봇,KOSDAQ
053610,프로텍,KOSDAQ
189300,인텔리안테크,KOSDAQ
041830,인바디,KOSDAQ
137400,피엔티,KOSDAQ
171090,선익시스템,KOSDAQ
038500,삼표시멘트,KOSDAQ
476060,온코닉테라퓨틱스,KOSDAQ
064290,인텍플러스,KOSDAQ
466100,클로봇,KOSDAQ
006730,서부T&D,KOSDAQ
036810,에프에스티,KOSDAQ
121600,나노신소재,KOSDAQ
225570,넥슨게임즈,KOSDAQ
102710,이엔에프테크놀로지,KOSDAQ
033640,네패스,KOSDAQ
048410,현대바이오,KOSDAQ
476830,알지노믹스,KOSDAQ
124500,아이티센글로벌,KOSDAQ
126340,비나텍,KOSDAQ
092870,엑시콘,KOSDAQ
490470,세미파이브,KOSDAQ
093320,케이아이엔엑스,KOSDAQ
222080,SFA넥셀,KOSDAQ
077360,덕산하이메탈,KOSDAQ
253450,스튜디오드래곤,KOSDAQ
046890,서울반도체,KOSDAQ
456160,지투지바이오,KOSDAQ
253590,네오셈,KOSDAQ
219130,타이거일렉,KOSDAQ
050890,쏠리드,KOSDAQ
468530,프로티나,KOSDAQ
045100,한양이엔지,KOSDAQ
144960,뉴파워프라즈마,KOSDAQ
397030,에이프릴바이오,KOSDAQ
094170,동운아나텍,KOSDAQ
052400,코나아이,KOSDAQ
089890,코세스,KOSDAQ
399720,가온칩스,KOSDAQ
079940,가비아,KOSDAQ
101160,월덱스,KOSDAQ
060250,NHN KCP,KOSDAQ
009520,포스코엠텍,KOSDAQ
358570,지아이이노베이션,KOSDAQ
080580,오킨스전자,KOSDAQ
024850,HLB이노베이션,KOSDAQ
356680,엑스게이트,KOSDAQ
104830,원익머트리얼즈,KOSDAQ
112040,위메이드,KOSDAQ
037460,삼지전자,KOSDAQ
052020,에스티큐브,KOSDAQ
214430,아이쓰리시스템,KOSDAQ
187660,페니트리움바이오,KOSDAQ
086900,메디톡스,KOSDAQ
078350,한양디지텍,KOSDAQ
475830,오름테라퓨틱,KOSDAQ
067630,HLB생명과학,KOSDAQ
033500,동성화인텍,KOSDAQ
025980,아난티,KOSDAQ
034950,한국기업평가,KOSDAQ
099190,아이센스,KOSDAQ
019210,와이지-원,KOSDAQ
082270,젬백스,KOSDAQ
475960,토모큐브,KOSDAQ
376900,로킷헬스케어,KOSDAQ
348340,뉴로메카,KOSDAQ
211050,인카금융서비스,KOSDAQ
383310,에코프로에이치엔,KOSDAQ
098120,마이크로컨텍솔,KOSDAQ
069540,빛과전자,KOSDAQ
365340,성일하이텍,KOSDAQ
015750,성우하이텍,KOSDAQ
041190,우리기술투자,KOSDAQ
460930,현대힘스,KOSDAQ
035890,서희건설,KOSDAQ
042000,카페24,KOSDAQ
027360,아주IB투자,KOSDAQ
348370,엔켐,KOSDAQ
056080,유진로봇,KOSDAQ
340570,티앤엘,KOSDAQ
174900,앱클론,KOSDAQ
078340,컴투스,KOSDAQ
089010,켐트로닉스,KOSDAQ
376300,디어유,KOSDAQ
290550,디케이티,KOSDAQ
278280,천보,KOSDAQ
336570,원텍,KOSDAQ
170920,엘티씨,KOSDAQ
013030,하이록코리아,KOSDAQ
272290,이녹스첨단소재,KOSDAQ
018290,브이티,KOSDAQ
125490,한라캐스트,KOSDAQ
368770,파이버프로,KOSDAQ
417840,저스템,KOSDAQ
486990,노타,KOSDAQ
114810,한솔아이원스,KOSDAQ
030520,한컴,KOSDAQ
332570,PS일렉트로닉스,KOSDAQ
033160,엠케이전자,KOSDAQ
241770,메카로,KOSDAQ
204620,글로벌텍스프리,KOSDAQ
067160,SOOP,KOSDAQ
200470,에이팩트,KOSDAQ
079370,제우스,KOSDAQ
236200,슈프리마,KOSDAQ
441270,파인엠텍,KOSDAQ
159010,아스플로,KOSDAQ
078130,국일제지,KOSDAQ
095660,네오위즈,KOSDAQ
092190,서울바이오시스,KOSDAQ
215200,메가스터디교육,KOSDAQ
047920,HLB제약,KOSDAQ
348210,넥스틴,KOSDAQ
477850,마키나락스,KOSDAQ
330860,네패스아크,KOSDAQ
200710,에이디테크놀로지,KOSDAQ
107640,한중엔시에스,KOSDAQ
092730,네오팜,KOSDAQ
101730,위메이드맥스,KOSDAQ
003800,에이스침대,KOSDAQ
078020,LS증권,KOSDAQ
069080,웹젠,KOSDAQ
039440,에스티아이,KOSDAQ
486510,글로벌테크놀로지,KOSDAQ
138080,오이솔루션,KOSDAQ
006910,보성파워텍,KOSDAQ
025900,동화기업,KOSDAQ
078160,메디포스트,KOSDAQ
036800,나이스정보통신,KOSDAQ
025320,시노펙스,KOSDAQ
093520,매커스,KOSDAQ
052710,아모텍,KOSDAQ
117730,티로보틱스,KOSDAQ
386380,스카이랩스,KOSDAQ
393890,더블유씨피,KOSDAQ
389470,인벤티지랩,KOSDAQ
060280,큐렉소,KOSDAQ
036620,감성코퍼레이션,KOSDAQ
456010,아이씨티케이,KOSDAQ
110990,디아이티,KOSDAQ
372320,큐로셀,KOSDAQ
121440,골프존홀딩스,KOSDAQ
455900,엔젤로보틱스,KOSDAQ
215600,신라젠,KOSDAQ
199800,툴젠,KOSDAQ
018000,유니슨,KOSDAQ
064260,다날,KOSDAQ
017890,한국알콜,KOSDAQ
446540,메가터치,KOSDAQ
046970,우리로,KOSDAQ
452430,사피엔반도체,KOSDAQ
061970,LB세미콘,KOSDAQ
266690,덕산넵코어스,KOSDAQ
448900,한국피아이엠,KOSDAQ
036200,유니셈,KOSDAQ
234340,헥토파이낸셜,KOSDAQ
168360,펨트론,KOSDAQ
425040,티이엠씨,KOSDAQ
206650,유바이오로직스,KOSDAQ
900290,GRT,KOSDAQ
482630,삼양엔씨켐,KOSDAQ
424870,이뮨온시아,KOSDAQ
488900,비츠로넥스텍,KOSDAQ
228760,지노믹트리,KOSDAQ
160980,싸이맥스,KOSDAQ
042520,한스바이오메드,KOSDAQ
086390,유니테스트,KOSDAQ
484590,삼양컴텍,KOSDAQ
025770,한국정보통신,KOSDAQ
265520,AP시스템,KOSDAQ
071200,인피니트헬스케어,KOSDAQ
054950,제이브이엠,KOSDAQ
035810,이지홀딩스,KOSDAQ
092460,한라IMS,KOSDAQ
101930,인화정공,KOSDAQ
